10th Mountain - Ski Trails;47.2332344055;-68.5933914185;Easy, Moderate, Advanced;19.5 miles;Fort Kent
Acadia National Park - Bald Peak and Parkman Mountain;44.33253479;-68.2884597778;Advanced;2.7 miles;Mount Desert
Acadia National Park - Bar Island;44.3972930908;-68.2102355957;Easy;1.9 miles;Bar Harbor
Acadia National Park - Beachcroft and Champlain South Ridge Route;44.3405723572;-68.1954193115;Advanced;3.7 miles;Bar Harbor
Acadia National Park - Beech Mountain South Ridge Loop;44.3085594177;-68.3441848755;Advanced;2.1 miles;Southwest Harbor
Acadia National Park - Beehive Loop;44.3327980042;-68.1877975464;Advanced;1.9 miles;Bar Harbor
Acadia National Park - Cadillac Mountain South Ridge;44.3351173401;-68.2260284424;Advanced;7.1 miles;Bar Harbor, Mount Desert
Acadia National Park - Canada Cliff Loop;44.3121681213;-68.3388214111;Advanced;1.8 miles;Southwest Harbor
Acadia National Park - Dorr Mountain South Ridge Loop;44.3530578613;-68.2145385742;Advanced;6.0 miles;Bar Harbor
Acadia National Park - Flying Mountain Loop;44.3042869568;-68.3134307861;Advanced;1.5 miles;Southwest Harbor
Acadia National Park - Giant Slide Loop;44.346572876;-68.2866897583;Advanced;5.7 miles;Mount Desert
Acadia National Park - Gorge and A Murray Young Paths Route;44.3693771362;-68.220085144;Advanced;4.5 miles;Bar Harbor
Acadia National Park - Gorham Mountain Loop;44.3249130249;-68.1920471191;Moderate;3.5 miles;Bar Harbor
Acadia National Park - Great Head Trail;44.329574585;-68.1784896851;Moderate;1.7 miles;Bar Harbor
Acadia National Park - Great Meadow Loop;44.3745231628;-68.2132644653;Easy;2.0 miles;Bar Harbor
Acadia National Park - Jesup Path and Hemlock Road Loop;44.3674697876;-68.2111129761;Easy;1.5 miles;Bar Harbor
Acadia National Park - Jordan Cliffs Loop;44.3313560486;-68.2656555176;Advanced;5.0 miles;Mount Desert
Acadia National Park - Jordan Pond Path;44.3316574097;-68.2577896118;Moderate;3.3 miles;Mount Desert
Acadia National Park - Ladder Trail Loop;44.3481292725;-68.2116775513;Advanced;3.3 miles;Bar Harbor
Acadia National Park - North Bubble Loop;44.3467941284;-68.2570648193;Moderate;2.6 miles;Bar Harbor, Mount Desert
Acadia National Park - Norumbega Mountain Loop;44.3173294067;-68.2948913574;Advanced;3.2 miles;Mount Desert
Acadia National Park - Ocean Path;44.319606781;-68.1894302368;Moderate;4.0 miles;Bar Harbor
Acadia National Park - Pemetic Mountain Loop;44.3314704895;-68.2518310547;Advanced;4.0 miles;Mount Desert
Acadia National Park - Penobscot and Sargent Mountains Loop;44.327129364;-68.264175415;Moderate;9.5 miles;Mount Desert
Acadia National Park - Perpendicular and Razorback Loop;44.3001747131;-68.3614654541;Advanced;2.7 miles;Southwest Harbor
Acadia National Park - Precipice Loop;44.3533439636;-68.1886444092;Advanced;4.0 miles;Bar Harbor
Acadia National Park - Ship Harbor Trail;44.2289505005;-68.3210067749;Easy;1.3 miles;Southwest Harbor
Acadia National Park - St. Sauveur and Acadia Mountain Loop;44.3171272278;-68.3295593262;Advanced;3.9 miles;Mount Desert, Southwest Harbor
Acadia National Park - Valley Peak Loop;44.3088798523;-68.3186950684;Advanced;3.2 miles;Mount Desert, Southwest Harbor
Acadia National Park - Wonderland Trail;44.2313804626;-68.3145294189;Easy;1.4 miles;Southwest Harbor
Alewive Woods Preserve;43.4334640503;-70.6104812622;Easy, Moderate;2.4 miles;Kennebunk
Allagash Mountain;46.2902259827;-69.5620193481;Advanced, Strenuous;1.4 miles;T7 R14 WELS
Allagash Wilderness Waterway;46.5920333862;-69.3745651245;Advanced;92.0 miles;Allagash, Eagle Lake Twp, Soper Mountain Twp, T10 R12 WELS, T10 R13 WELS, T11 R13 WELS, T12 R13 WELS, T13 R12 WELS, T13 R13 WELS, T14 R11 WELS, T14 R12 WELS, T15 R10 WELS, T15 R11 WELS, T6 R11 WELS, T6 R12 WELS, T7 R12 WELS, T7 R13 WELS, T7 R14 WELS, T8 R14 WELS, T8 R15 WELS, T9 R12 WELS, T9 R13 WELS
Allen-Whitney Memorial Forest;44.3527793884;-69.8718490601;Easy, Moderate;7.6 miles;Manchester
Amherst Mountains Community Forest - Bald Bluff;44.8974990845;-68.4074783325;Moderate;1.2 miles;Amherst
Amherst Mountains Community Forest - Ducktail and Partridge Pond Trails;44.8554420471;-68.3926315308;Moderate;3.3 miles;Amherst
Androscoggin Greenway;44.1308288574;-70.2037582397;Easy;14.4 miles;Auburn, Greene, Lewiston, Turner
Androscoggin Riverlands State Park - Cross-country Ski Trails;44.2270240784;-70.1992340088;Easy, Moderate, Advanced;12.0 miles;Turner
Androscoggin Riverlands State Park - Hiking Trails;44.2261619568;-70.1987686157;Easy, Moderate, Advanced;23.0 miles;Turner
Androscoggin Riverlands State Park - Mountain Biking Trails;44.2300453186;-70.1962203979;Easy, Moderate, Advanced;9.5 miles;Turner
Androscoggin Riverlands State Park - Snowshoe Trails;44.2476158142;-70.1912002563;Easy, Moderate, Advanced;6.2 miles;Turner
Androscoggin Riverwalk;43.9222717285;-69.9654006958;Easy;1.3 miles;Brunswick, Topsham
Angel Falls;44.7865142822;-70.7065124512;Easy, Moderate;1.4 miles;Township D
Annie Sturgis Sanctuary Trail;44.4050292969;-69.7152633667;Easy;1.6 miles;Vassalboro
Appalachian Trail - Bemis Mountain and Bemis Stream Loop;44.8113021851;-70.7371826172;Strenuous;14.0 miles;Township D
Appalachian Trail - Bigelow Preserve;45.1471710205;-70.2707290649;Strenuous;16.3 miles;Dead River Twp, Wyman Twp
Appalachian Trail - Crocker Cirque;45.0639152527;-70.3714752197;Advanced, Strenuous;16.0 miles;Carrabassett Valley
Appalachian Trail - Piazza Rock;44.8970832825;-70.5354156494;Moderate, Advanced;4.1 miles;Sandy River Plt
Appalachian Trail - Saddleback Mountain;44.9148979187;-70.525352478;Advanced, Strenuous;11.4 miles;Sandy River Plt
Appalachian Trail - Sugarloaf Mountain;45.0335540771;-70.3309173584;Advanced, Strenuous;5.3 miles;Carrabassett Valley
Arnold Family Forest, Blair Addition;43.8021125793;-70.1349945068;Easy;0.7 miles;Freeport
Aroostook National Wildlife Refuge - Visitor Center;46.9497642517;-67.8647079468;Easy;5.7 miles;Caswell, Limestone
Aroostook National Wildlife Refuge - West Gate Trails;46.9209671021;-67.9144287109;Easy;5.0 miles;Caribou, Limestone
Aroostook State Park - Cross-country Ski Trails;46.6087608337;-68.0040206909;Easy, Moderate, Advanced, Strenuous;10.8 miles;Presque Isle
Aroostook State Park - Hiking Trails;46.6092681885;-68.0043106079;Easy, Moderate, Advanced;3.0 miles;Presque Isle
Aroostook State Park - Snowshoe Trails;46.6091499329;-68.00756073;Easy, Advanced, Moderate;4.0 miles;Presque Isle
Atlantic Way, Plymouth, and Vines Trails;43.4889450073;-70.3936767578;Easy, Moderate;2.2 miles;Saco
Augusta Nature Education Center;44.316734314;-69.7519302368;Easy;4.8 miles;Augusta
Aziscohos Mountain;44.9263763428;-70.9955291748;Advanced;3.4 miles;Lincoln Plt
Back Cove Trail;43.6723976135;-70.2770767212;Easy;4.2 miles;Portland
Back Pond Reserve;44.2137451172;-70.8163375854;Easy, Moderate;2.1 miles;Stoneham
Baker Forest Preserve;44.0120735168;-69.564414978;Moderate;2.6 miles;Newcastle
Baker Hill and Long Ledges Preserve;44.5253715515;-68.1677627563;Moderate;5.4 miles;Sullivan
Baker Pond and Mountain Brook Trails;45.5304336548;-69.4097137451;Moderate;2.4 miles;Bowdoin College Grant West Twp
Bald Mountain Trail - Oquossoc;44.9516563416;-70.78565979;Moderate;2.0 miles;Rangeley
Bald Mountain Trail - Washington TWP;44.652256012;-70.343963623;Moderate;2.0 miles;Washington Twp
Bald Pate Mountain Trail;43.9640083313;-70.7069778442;Easy, Moderate;6.7 miles;Bridgton, Sebago
Bangor City Forest;44.8628120422;-68.7397384644;Easy, Moderate;17.4 miles;Bancroft
Barker Mill Trail;44.0834159851;-70.2303848267;Easy;0.5 miles;Auburn
Bass Falls Preserve;44.0931434631;-69.608833313;Easy, Moderate;2.5 miles;Alna
Bass Rock Preserve;43.9565963745;-69.4460678101;Easy;0.4 miles;Bristol
Bauneg Beg Mountain Conservation Area;43.3908309937;-70.7867584229;Moderate;2.0 miles;North Berwick
Baxter Woods;43.6763114929;-70.2912139893;Easy;1.5 miles;Portland
Bayside Trail;43.6674003601;-70.2574234009;Easy;1.0 miles;Portland
Beach Plum Farm;43.262752533;-70.59740448;Easy;0.5 miles;Ogunquit
Bearce-Allen Preserve;43.9381446838;-69.5089035034;Easy, Moderate;1.1 miles;Bristol
Beatrice B. Baxter Memorial Forest;43.9612045288;-69.8883972168;Easy, Moderate;4.1 miles;Topsham
Beaver Park;44.0305175781;-70.1251602173;Easy, Moderate, Advanced;6.5 miles;Lisbon
Beech Hill Preserve;44.1684150696;-69.0996704102;Easy, Moderate;2.0 miles;Rockport
Benton Riverside Park;44.5822753906;-69.5532531738;Easy;0.4 miles;Benton
Berry Woods Preserve;43.7909011841;-69.7624130249;Moderate;3.9 miles;Georgetown
Bethel Pathway;44.4158554077;-70.7837905884;Easy;2.5 miles;Bethel
Bethel Village History Walk;44.4058799744;-70.7901153564;Easy;1.9 miles;Bethel
Big Moose Mountain;45.4759101868;-69.7040863037;Moderate;4.2 miles;Big Moose Twp, Moosehead Junction Twp
Big Spencer Public Reserved Land;45.7853050232;-69.435218811;Advanced;4.0 miles;T2 R13 WELS
Bigelow Preserve - Cranberry Peak;45.1416244507;-70.3891983032;Moderate, Advanced;5.8 miles;Wyman Twp
Bigelow Preserve - Firewarden's and Horns Pond Trails Loop;45.1261787415;-70.3085632324;Advanced, Strenuous;12.4 miles;Dead River Twp, Wyman Twp
Bigelow Preserve - Little Bigelow;45.1356124878;-70.1894226074;Moderate, Advanced;6.2 miles;Dead River Twp
Bigelow Preserve - Safford Brook Trail to Avery Peak;45.1485443115;-70.2462615967;Advanced;8.0 miles;Dead River Twp
Bijhouwer Forest;43.8185195923;-69.8210296631;Easy, Moderate;1.3 miles;Phippsburg
Birch Point State Park;44.0383720398;-69.0955047607;Easy;0.2 miles;Owls Head
Bishop Cardinal's Reserve and Wilson Wing Moose Pond Bog Preserve;44.2154579163;-70.9483337402;Easy;1.8 miles;Lovell
Black and White Trail;44.5852546692;-70.623664856;Moderate;7.3 miles;Andover, Rumford
Black Brook Preserve;43.7925720215;-70.4056625366;Moderate;2.4 miles;Windham
Blackstrap Community Forest;43.7792205811;-70.3207550049;Moderate;10.9 miles;Falmouth
Bliss Woods;43.819103241;-70.1281433105;Easy;1.1 miles;Freeport
Blueberry Mountain Trail;44.7616577148;-70.4734573364;Moderate, Advanced;2.4 miles;Township 6 North of Weld
Bog Brook Cove Preserve;44.7332038879;-67.1008834839;Easy, Moderate, Advanced;5.8 miles;Cutler, Trescott Twp
Bog Brook Trail Cluster;44.4618225098;-69.2995605469;Moderate, Advanced;6.2 miles;Montville
Bonney Point Trail;44.9634895325;-70.7398223877;Easy;1.3 miles;Rangeley
Bonney Woods;44.6753845215;-70.1477279663;Easy;0.7 miles;Farmington
Bonyun Preserve;43.8729820251;-69.7223739624;Easy, Moderate;1.7 miles;Westport Island
Borestone Mountain Audubon Sanctuary;45.3767166138;-69.4187469482;Moderate, Advanced;3.6 miles;Elliottsville Twp
Bradbury Mountain State Park - Hiking Trails;43.8987617493;-70.1783065796;Easy, Moderate, Advanced;21.5 miles;Pownal
Bradbury Mountain State Park - Mountain Biking Trails;43.8988876343;-70.1759719849;Easy, Moderate, Advanced;17.5 miles;Pownal
Bradley Pond Farm Preserve;43.9955711365;-69.9622192383;Easy, Moderate;1.8 miles;Topsham
Branch Lake Public Forest;44.586971283;-68.5289382935;Moderate;3.1 miles;Ellsworth
Brickyard Point;43.71509552;-70.2503204346;Moderate, Advanced;0.8 miles;Falmouth
Broadturn Farm;43.609085083;-70.4715805054;Easy, Moderate;1.0 miles;Scarborough
Brown Woods;44.8302307129;-68.8208236694;Easy;1.0 miles;Bangor
Buck Hill Conservation Area;44.8439331055;-68.7133789063;Easy, Moderate;2.0 miles;Veazie
Buck's and Lapham Ledges;44.4004325867;-70.6622695923;Moderate;2.1 miles;Woodstock
Burkett Mill Preserve;44.0727958679;-69.3248443604;Moderate;2.2 miles;Waldoboro
Burnt Hill Hiking Trail;45.0452270508;-70.2930297852;Advanced;5.6 miles;Carrabassett Valley
Butler Preserve;43.3719596863;-70.491355896;Easy;0.6 miles;Kennebunk
Calais Walkway;45.1896018982;-67.2814407349;Easy;1.5 miles;Calais
Calderwood Trails;43.8563308716;-70.0311279297;Easy;1.1 miles;Freeport
Camden Hills - Maiden Cliff Network;44.2525863647;-69.0884094238;Moderate, Advanced;1.8 miles;Camden
Camden Hills State Park - Interior Trail Network;44.2419586182;-69.0711975098;Easy, Moderate;9.0 miles;Camden
Camden Hills State Park - Northern Trail Network;44.2650871277;-69.0551147461;Easy, Moderate;10.8 miles;Camden, Lincolnville
Camden Hills State Park - Shoreline Trail;44.2282714844;-69.0426101685;Easy;0.3 miles;Camden, Lincolnville
Camden Hills State Park - Southern Trail Network;44.2276420593;-69.0665130615;Easy, Moderate;4.8 miles;Camden
Capisic Brook Trail;43.6680030823;-70.3064575195;Easy;0.5 miles;Portland
Captain Alfred Skolfield Preserve;43.8601799011;-69.9443893433;Easy;1.0 miles;Brunswick
Caribou Country Club Trails;46.8989219666;-68.0400009155;Easy, Moderate;5.0 miles;Caribou
Caribou High School Ski Center;46.8611373901;-68.035697937;Easy, Moderate;3.1 miles;Caribou
Carlo Col and Goose Eye Trails;44.5067558289;-71.0196838379;Advanced, Strenuous;7.0 miles;Riley Twp, Success (NH)
Cascade Falls Trails;43.542881012;-70.4066314697;Moderate;0.3 miles;Saco
Cascade Park;44.8117675781;-68.7445449829;Easy;0.5 miles;Bangor
Cascade Stream Gorge Trail;44.9243278503;-70.6075134277;Easy, Moderate;1.0 miles;Sandy River Plt
Cataracts Trail;44.6401405334;-70.8585510254;Moderate;0.7 miles;Andover West Surplus Twp
Cathance River Nature Preserve;43.9567244725;-69.9513399583;Easy, Moderate;5.6 miles;Topsham
Cathance River Trail;43.9589881897;-69.9331359863;Moderate;2.0 miles;Topsham
Cathedral Pines Pathways;45.1866149902;-70.4665985107;Easy;2.0 miles;Eustis
Center Pond Preserve;43.8074226379;-69.8147583008;Easy, Moderate;6.6 miles;Phippsburg
Charles E. Clark Preserve;43.4198875427;-70.5488357544;Easy;0.4 miles;Kennebunk
Chessey Property;43.9174919128;-70.7221679688;Easy, Moderate;1.0 miles;Sebago
China School Trails;44.4394989014;-69.5178527832;Easy;1.4 miles;China
Chip Stockford Reserve;44.1644477844;-70.9210205078;Easy, Moderate;1.0 miles;Lovell
Claire Drew Trail;43.6890220642;-70.4267120361;Easy;1.4 miles;Gorham
Clark's Pond and Red Brook Trails;43.631072998;-70.3194046021;Easy, Moderate;1.9 miles;South Portland
Clifford Woods;44.6773262024;-70.1411209106;Easy, Moderate;1.4 miles;Farmington
Cobscook Bay State Park;44.8492851257;-67.1601028442;Easy;2.2 miles;Edmunds Twp
Cobscook Bay Wildlife Management Area - Commissary Point Unit;44.8081665039;-67.1546020508;Moderate;4.5 miles;Trescott Twp
Cobscook Bay Wildlife Management Area - Dennison Point Unit;44.7990150452;-67.158416748;Moderate;1.6 miles;Trescott Twp
Cobscook Bay Wildlife Management Area - Horan Head Unit;44.8653068542;-67.0687332153;Moderate;6.0 miles;Lubec
Cobscook Bay Wildlife Management Area - Morong Cove Unit;44.8465843201;-67.0931091309;Moderate;3.3 miles;Lubec
Coburn Park - Skowhegan;44.7709121704;-69.710395813;Easy;0.6 miles;Skowhegan
Colby College - Athletic Complex;44.5699424744;-69.6596679688;Easy;0.8 miles;Waterville
Colby College - Perkins Arboretum;44.5603790283;-69.6529464722;Easy, Moderate;3.8 miles;Waterville
Colby College - Runnals Hill;44.5576133728;-69.6647567749;Moderate;3.8 miles;Waterville
Colby Wildlife Preserve;43.9515991211;-69.5933456421;Easy;0.6 miles;Edgecomb
Community Park;43.7508735657;-70.2797470093;Easy, Moderate;4.2 miles;Falmouth
Corn Shop Trail;44.3397331238;-70.2528305054;Easy, Moderate;0.3 miles;Turner
Cousins River Trail;43.8126106262;-70.1462936401;Easy;1.2 miles;Freeport
Crescent Beach and Kettle Cove State Parks;43.5649909973;-70.2252044678;Easy;2.2 miles;Cape Elizabeth
Crockett Cove Preserve;44.1717033386;-68.6992492676;Easy, Moderate;1.5 miles;Stonington
Crooked Farm Preserve;43.9223861694;-69.5069503784;Moderate;2.6 miles;Bristol
Crystal Spring Farm;43.8918151855;-69.9912796021;Easy, Moderate;5.9 miles;Brunswick
Cumberland Town Forest;43.7867622375;-70.2509765625;Easy, Moderate;1.4 miles;Cumberland
Curtis Homestead;44.2692070007;-70.0874938965;Easy, Moderate;2.8 miles;Leeds
Cutler Coast Public Reserved Land;44.6801605225;-67.158782959;Advanced, Strenuous;9.6 miles;Cutler
Daggett Rock Trail;44.847858429;-70.3020629883;Easy;0.6 miles;Phillips
Dave Rock;44.5186576843;-69.2808914185;Moderate;1.5 miles;Knox, Montville
David Rancourt River Preserve;44.1279525757;-70.2058181763;Moderate;1.0 miles;Lewiston
Davidson Nature Preserve;44.4532966614;-69.6470565796;Easy;1.2 miles;Vassalboro
Davis Conservation Easement;44.8645553589;-68.7045974731;Easy;0.8 miles;Orono
Davis Stream Preserve;44.2045974731;-69.4513244629;Easy;0.7 miles;Jefferson
Dawn Marie Beach Path;45.153968811;-67.8619613647;Easy;0.4 miles;T43 MD BPP
Deboullie Public Reserved Land;46.960308075;-68.8716964722;Moderate, Advanced;25.8 miles;T15 R9 WELS
Debsconeag Lakes Wilderness Area - Ice Caves;45.7860870361;-68.9752349854;Moderate, Advanced;2.0 miles;T2 R10 WELS
Debsconeag Lakes Wilderness Area - Rainbow Lake;45.8469848633;-69.0846328735;Advanced, Strenuous;4.1 miles;Rainbow Twp, T3 R11 WELS
Deer Hollow Sanctuary;43.8544616699;-70.4360198975;Easy, Moderate;1.0 miles;Windham
DeMeritt Forest - South;44.9128570557;-68.6609191895;Easy, Moderate, Advanced, Strenuous;27.0 miles;Old Town, Orono
Demonstration Forest;45.371635437;-69.0865020752;Moderate;2.3 miles;Williamsburg Twp
Denny Reed Trail;43.7997016907;-69.8532333374;Easy;1.2 miles;Phippsburg
Devil's Head Conservation Area;45.154510498;-67.1657104492;Easy;1.8 miles;Calais
Dodge Point Public Reserved Land;43.9916915894;-69.5623550415;Easy, Moderate;6.1 miles;Newcastle
Donnabeth Lipman Park;43.8481903076;-70.4408798218;Easy;1.5 miles;Windham
Donnell Pond Public Reserved Land - Black Mountain;44.5816116333;-68.1207733154;Moderate, Advanced;5.8 miles;T10 SD, T9 SD
Donnell Pond Public Reserved Land - Caribou Loop;44.5957489014;-68.1199264526;Moderate, Advanced;12.0 miles;T10 SD, T9 SD
Donnell Pond Public Reserved Land - Schoodic Mountain and Beach Trails;44.5734329224;-68.1372756958;Easy, Moderate;2.4 miles;T9 SD
Douglas Memorial Woods Conservation Area;43.1283454895;-70.7950820923;Easy, Moderate;0.8 miles;Eliot
Douglas Mountain;43.8695983887;-70.6915283203;Moderate, Advanced;2.8 miles;Sebago
Down East Sunrise Trail;44.6225624084;-67.8117294312;Easy;85.0 miles;Berry Twp, Centerville Twp, Cherryfield, Columbia, Columbia Falls, Dennysville, East Machias, Edmunds Twp, Franklin, Gouldsboro, Hancock, Harrington, Jonesboro, Machias, Marion Twp, Milbridge, Pembroke, Steuben, Sullivan, T7 SD, Whitneyville
Downeast Lakes Water Trail;45.1983909607;-67.9173355103;Moderate;55.0 miles;Grand Lake Stream Plt, Sakom Twp, T42 MD BPP, T43 MD BPP, T6 ND BPP
Doyle Preserve;44.0534210205;-69.4541931152;Moderate;1.1 miles;Damariscotta
Durham River Park;43.9850234985;-70.1331558228;Easy;0.3 miles;Durham
Eagle Island State Historic Site;43.7109794617;-70.0528640747;Moderate;1.4 miles;Harpswell
East Branch Trail;43.7392234802;-70.2829818726;Moderate;1.5 miles;Falmouth
Eastern Promenade Trail;43.6683311462;-70.2407684326;Easy;4.2 miles;Portland
Eastern Trail - Kennebunk to Biddeford;43.4483413696;-70.5135498047;Easy;6.1 miles;Arundel, Biddeford, Kennebunk
Eastern Trail - Saco to Scarborough;43.5447807312;-70.3906478882;Easy;8.4 miles;Old Orchard Beach, Saco, Scarborough
Ecotat Gardens and Arboretum;44.8097572327;-68.9271697998;Easy;1.3 miles;Hermon
Ed Woodsum Preserve at Marshall Island;44.1136245728;-68.5087890625;Advanced;9.2 miles;Swans Island
Edwin L. Smith Preserve;43.4347839355;-70.4705581665;Easy, Moderate;7.4 miles;Kennebunkport
ELF Woods Trail;44.0941543579;-70.2326660156;Easy, Moderate;0.6 miles;Auburn
Elms Field Trail;45.0172119141;-69.3053283691;Easy;0.4 miles;Dexter
Emmons Preserve;43.4038925171;-70.4554595947;Easy, Moderate;1.6 miles;Kennebunkport
Essex Woods;44.8254508972;-68.7647018433;Moderate;2.3 miles;Bangor
Evergreen Cemetery;43.6811065674;-70.3067169189;Easy, Moderate;5.0 miles;Portland
Falmouth Nature Preserve;43.7301101685;-70.2220687866;Easy, Moderate;2.5 miles;Falmouth
Farm Cove Community Forest - Little Mayberry Cove Trail;45.1950111389;-67.7914733887;Moderate;4.4 miles;Grand Lake Stream Plt, T6 ND BPP
Farm Cove Community Forest - Pocumcus Lake Trail;45.1834335327;-67.9113998413;Moderate;3.6 miles;Sakom Twp, T6 ND BPP
Fels-Groves Farm Preserve;43.7822608948;-70.1618804932;Easy;1.2 miles;Yarmouth
Ferry Beach State Park;43.4779129028;-70.3882141113;Easy;1.7 miles;Saco
Ferry Landing Trail;43.469581604;-70.3871536255;Easy, Moderate;0.7 miles;Saco
Fields Pond Audubon Center;44.7379379272;-68.7276992798;Easy, Moderate;2.3 miles;Holden
Five Fields Farm;43.9702835083;-70.7070846558;Easy, Moderate, Advanced;8.4 miles;Bridgton
Flint Woods and Village Woods;44.6788520813;-70.1514358521;Easy, Moderate;4.5 miles;Farmington
Fly Rod Crosby Trail;44.8960647583;-70.4002685547;Moderate, Advanced;24.7 miles;Madrid Twp, Phillips, Rangeley, Sandy River Plt
Foothills Land Conservancy;44.6119766235;-70.2618637085;Easy;1.0 miles;Wilton
Fore River Parkway;43.6499099731;-70.2852478027;Easy;2.6 miles;Portland
Fore River Sanctuary;43.6665229797;-70.3182525635;Moderate;2.0 miles;Portland
Fore River Trail;43.6557540894;-70.2963409424;Easy;2.2 miles;Portland
Foreside Trails;43.9228248596;-69.939125061;Easy;2.4 miles;Topsham
Forest City Trail;43.6899185181;-70.2931289673;Moderate;10.0 miles;Portland
Forest Legacy Trails;44.9731178284;-70.8278656006;Moderate, Advanced;8.5 miles;Adamstown Twp, Rangeley
Fort Halifax Park;44.5395584106;-69.6289749146;Easy;0.7 miles;Winslow
Fort McClary State Historic Site;43.0828895569;-70.7094726563;Easy;0.6 miles;Kittery
Fort Point State Park;44.4694595337;-68.8120346069;Easy;0.9 miles;Stockton Springs
Fort Williams Park - Cliff Walk;43.6228141785;-70.2099380493;Easy;0.4 miles;Cape Elizabeth
Foundry Trail;44.4700546265;-70.1840209961;Easy;0.7 miles;Livermore Falls
Four Seasons - Ski Network;47.3424682617;-68.3225402832;Easy, Moderate;7.4 miles;Madawaska
Francis B. Wood Preserve;44.4862213135;-68.0090866089;Moderate;1.5 miles;Gouldsboro
Franklin Pasture Trail;44.0939102173;-70.2047348022;Easy;0.9 miles;Lewiston
French Mountain Trail;44.5727653503;-69.9196090698;Easy;0.8 miles;Rome
Frenchboro Preserve;44.1129837036;-68.3538970947;Advanced;14.8 miles;Frenchboro
Fuller Farm;43.6093177795;-70.4457473755;Easy;2.6 miles;Scarborough
Gambo Property and Shaw Park;43.7476882935;-70.4429931641;Easy;1.2 miles;Gorham, Windham
Gannett Woods and Wyman Memorial Forest;44.3566894531;-69.8791275024;Easy, Moderate;2.4 miles;Manchester, Readfield
Garcelon Bog;44.0961341858;-70.1831054688;Easy;0.4 miles;Lewiston
Georges Highland Path - Canal Path;44.3255004883;-69.199432373;Moderate;2.3 miles;Searsmont
Georges Highland Path - Frye Mountain;44.4696502686;-69.2306671143;Advanced;7.4 miles;Knox, Montville
Georges Highland Path - Hogback Mountain;44.4671478271;-69.2744140625;Moderate, Advanced;4.1 miles;Montville
Georges Highland Path - Oyster River Bog;44.1337280273;-69.1632537842;Advanced;6.6 miles;Rockland, Rockport, Thomaston
Georges Highland Path - Ragged Mountain Area;44.2067146301;-69.1589126587;Moderate;10.0 miles;Camden, Rockport, Warren
Georges Highland Path - Thomaston Town Forest;44.0954933167;-69.1963043213;Moderate, Advanced;3.7 miles;Thomaston
Georges Highland Path - Thomaston Village Trail;44.0726737976;-69.1814422607;Easy;2.6 miles;Thomaston
Gerry Spencer Trail;43.7432518005;-70.5394744873;Easy;0.3 miles;Standish
Giant's Stairs - McIntosh Lot Preserve;43.72448349;-69.9931030273;Easy;0.5 miles;Harpswell
Gibson Preserve;44.3579750061;-69.2490997314;Easy, Moderate;2.9 miles;Searsport
Gilsland Farm;43.7071342468;-70.2412185669;Easy;3.5 miles;Falmouth
Good Will-Hinckley;44.6591186523;-69.6317825317;;3.3 miles;Fairfield
Goose Ridge Trail;44.5041999817;-69.2894515991;Moderate, Advanced;3.6 miles;Montville
Goose River Peace Corps Preserve;44.0429725647;-69.3123931885;Moderate;1.4 miles;Waldoboro
Gott Pasture Preserve;44.2993965149;-70.053024292;Moderate;1.6 miles;Wayne
Gould's Landing;44.8954467773;-68.7867431641;Easy, Moderate;0.5 miles;Orono
Grafton Notch Loop Trail;44.5930709839;-70.8690719604;Strenuous;38.6 miles;Andover, Andover West Surplus Twp, Grafton Twp, Newry, Riley Twp
Grafton Notch State Park - Baldpate Mountain and Table Rock Loop;44.6010169983;-70.9245223999;Moderate, Advanced;5.8 miles;Grafton Twp
Grafton Notch State Park - Moose Cave, Mother Walker Falls, Screw Auger Falls;44.577381134;-70.9242706299;Easy;1.3 miles;Grafton Twp
Grafton Notch State Park - Old Speck Mountain and Eyebrow Loop;44.5854759216;-70.9625854492;Advanced;7.6 miles;Grafton Twp
Grant's Meadow at Beaver Dam Heath;43.3074302673;-70.7983016968;Easy, Moderate;0.6 miles;South Berwick
Grassy Pond Trail;45.5166740417;-69.4062805176;Easy;0.5 miles;Bowdoin College Grant West Twp
Great Pond Trail;43.5767555237;-70.2281570435;Easy, Moderate;1.5 miles;Cape Elizabeth
Great Salt Bay and Hart Family Heritage Trail;44.041053772;-69.5243148804;Easy, Moderate;2.7 miles;Newcastle
Great Salt Bay Farm;44.0499076843;-69.5160980225;Easy;2.8 miles;Damariscotta
Green Point Preserve;43.8368034363;-69.8539428711;Easy, Moderate;1.1 miles;West Bath
Greenbelt Walkway;43.6338119507;-70.2599182129;Easy;5.6 miles;South Portland
Greenleaf Preserve;43.858745575;-69.798538208;Easy;0.6 miles;Phippsburg
Gregory Hiking Trail;43.8719520569;-69.6666107178;Easy;0.8 miles;Boothbay
Griggs Preserve;44.0158843994;-69.6283569336;Easy, Moderate;1.5 miles;Newcastle
Guilford Memorial River Walk;45.1693649292;-69.3614273071;Easy;1.1 miles;Guilford
Gull Crest and Town Center Trails;43.5878295898;-70.2392807007;Easy, Moderate;5.7 miles;Cape Elizabeth
Hackett Land and Minot Easement Trail;43.8004837036;-69.990447998;Moderate;1.0 miles;Harpswell
Hadlock Community Forest;43.7731285095;-70.2867050171;Easy;5.4 miles;Falmouth
Hamilton Audubon Sanctuary;43.8657646179;-69.8850021362;Easy, Moderate;1.3 miles;West Bath
Hamilton Cove;44.789188385;-67.0110855103;Easy, Moderate;3.0 miles;
Hatchery Brook Preserve;44.963809967;-70.6575317383;Easy;1.2 miles;Rangeley
Hawkes Property;43.7371559143;-70.4290237427;Easy;0.7 miles;Gorham
Haystack Mountain;46.6658554077;-68.2306900024;Moderate;0.4 miles;Castle Hill
Haystack Mountain Trail;44.3986930847;-69.3123245239;Moderate;1.1 miles;Liberty, Montville
Head of the Gulf Trail;45.497882843;-69.3508758545;Moderate;2.7 miles;Bowdoin College Grant East Twp
Heald and Bradley Ponds Reserve;44.2245635986;-70.8721618652;Moderate, Advanced;9.0 miles;Lovell
Hedgehog Gate Loop;45.4932632446;-69.3955612183;Advanced;10.3 miles;Bowdoin College Grant West Twp
Henderson Brook Trail;45.470905304;-69.3037109375;Moderate;2.0 miles;Bowdoin College Grant East Twp
Hersey Point Preserve;44.9374389648;-67.1560745239;Moderate;1.5 miles;Pembroke
Heselton Street Nature Trail;44.7728118896;-69.7124176025;Easy, Moderate;0.8 miles;Skowhegan
Hidden Valley Nature Center;44.1531143188;-69.5744171143;Easy, Moderate, Advanced;18.0 miles;Jefferson
Higgins Mountain;43.8156585693;-69.7571487427;Easy, Moderate;0.5 miles;Georgetown
Highland Farm Preserve;43.1748657227;-70.7137680054;Easy, Moderate;2.9 miles;York
Hills-to-Sea Trail;44.5888404846;-69.3169326782;Easy;7.0 miles;Unity
Hilton-Winn Preserve;43.2616004944;-70.6511001587;Easy, Moderate;1.3 miles;Ogunquit, Wells, York
Hinckley Park;43.6253967285;-70.2570571899;Easy, Moderate;2.6 miles;South Portland
Hirundo Wildlife Refuge;44.9833106995;-68.7851333618;Easy, Moderate;7.4 miles;Alton, Old Town
Historic Pines Trail;44.7727203369;-69.8851242065;Easy;0.8 miles;Madison
Hobstone Woods;43.612651825;-70.235824585;Easy, Moderate;0.8 miles;Cape Elizabeth
Holbrook Island Sanctuary - Mainland;44.3538627625;-68.7921066284;Easy, Moderate;7.5 miles;Brooksville
Holden Community Learning Trails;44.7572059631;-68.6602249146;Easy, Moderate;1.2 miles;Holden
Holman Conservation Area;44.1393013;-69.9110794067;Easy;2.0 miles;Litchfield
Holt Pond Preserve;43.9795532227;-70.6782989502;Easy, Moderate;5.3 miles;Bridgton, Naples
Horseshoe Pond Trail - East Section;45.5156593323;-69.3947677612;Easy;1.4 miles;Bowdoin College Grant West Twp
Horseshoe Pond Trail - West Section;45.5115356445;-69.4057006836;Easy;1.2 miles;Bowdoin College Grant West Twp
Horton Woods;43.5674362183;-70.5177230835;Easy, Advanced, Moderate;2.2 miles;Saco
Hunter Cove Wildlife Sanctuary;44.9687690735;-70.7109375;Easy;1.6 miles;Rangeley
Huston Landing;44.0094032288;-69.532875061;Easy;0.4 miles;Damariscotta
Indian Point Trail;44.5322113037;-68.4202575684;Easy;1.0 miles;Ellsworth
Indian Point-Blagden Preserve;44.3871307373;-68.3692398071;Easy, Moderate;2.2 miles;Bar Harbor
Indian Trail Park;44.8063583374;-68.7467651367;Easy, Moderate;1.8 miles;Brewer
Indiantown Island;43.8608016968;-69.6674880981;Moderate, Advanced;1.4 miles;Boothbay Harbor
Ingersoll Point Preserve;44.5160331726;-67.7059936523;Moderate;3.4 miles;Addison
Inland Woods Trails and Pine Ridge Loop;44.5339355469;-69.6687850952;Moderate;6.4 miles;Waterville
International Appalachian Trail - East Branch;46.0400772095;-68.7329788208;Strenuous;30.0 miles;T3 R7 WELS, T3 R8 WELS, T4 R7 WELS, T4 R8 WELS, T5 R8 WELS
Intervale Preserve;43.9577217102;-70.2673187256;Easy;0.5 miles;New Gloucester
Jagolinzer Preserve;43.7884292603;-70.7621307373;Easy;0.5 miles;Limington
Jamies Pond;44.2862815857;-69.8594741821;Easy, Moderate;5.9 miles;Farmingdale, Hallowell, Manchester
Jay Recreation Area Trail System;44.4917144775;-70.1940689087;Easy, Moderate;2.8 miles;Jay
Jennie and Isaac E. Willey Recreation Area;43.590877533;-70.2828063965;Easy;0.7 miles;Scarborough
Jeremiah Colburn Natural Area;44.8902397156;-68.6847763062;Easy, Moderate;1.8 miles;Orono
Jewell Island;43.6816368103;-70.0946731567;Easy;3.0 miles;Portland
Josephine Newman Audubon Sanctuary;43.7970428467;-69.7507095337;Easy, Moderate;2.7 miles;Georgetown
Jugtown Forest;44.0189361572;-70.5549926758;Moderate;16.9 miles;Casco, Naples, Otisfield
Kenduskeag Stream Trail;44.8134841919;-68.7840042114;Easy, Moderate;1.7 miles;Bangor
Kennebec Highlands - Round Top;44.5360641479;-69.9317092896;Moderate;3.3 miles;Rome, Vienna
Kennebec Highlands - Sanders Hill;44.5650901794;-69.9299316406;Moderate;2.9 miles;Rome, Vienna
Kennebec River Rail Trail;44.2690658569;-69.7866592407;Easy, Moderate;6.5 miles;Augusta, Farmingdale, Gardiner, Hallowell
Kezar River Reserve;44.1335716248;-70.8843154907;Easy, Moderate;1.0 miles;Lovell
Kineowatha Park;44.591709137;-70.2370071411;Easy;1.8 miles;Wilton
Klondike Mountain;44.8551368713;-67.0237350464;Moderate;0.6 miles;Lubec
KVCC Campus Trail;44.5977287292;-69.6086425781;Easy;1.0 miles;Fairfield
La Verna Preserve;43.9015960693;-69.4689178467;Moderate;2.6 miles;Bristol
Lake Auburn Community Center;44.1613349915;-70.2805862427;Easy, Moderate;4.8 miles;Auburn
Lake George Regional Park;44.7724266052;-69.5807495117;Easy, Moderate;10.1 miles;Canaan, Skowhegan
Lake Region Middle and High Schools;44.0012321472;-70.6562042236;Easy, Moderate;0.7 miles;Naples
Lane's Island Preserve;44.0356140137;-68.8331680298;Easy;1.3 miles;Vinalhaven
Laurie's Ledge Trail;45.5154495239;-69.3740310669;Moderate;3.0 miles;Bowdoin College Grant West Twp
Leavitt Area High School;44.266746521;-70.2241439819;Easy, Moderate;1.3 miles;Turner
Leonard's Mills;44.8715362549;-68.6300582886;Easy, Moderate;2.4 miles;Bradley
Lewiston-Auburn Greenway Trails;44.0957870483;-70.2245330811;Easy;1.6 miles;Auburn, Lewiston
Libby Hill Forest;43.9011726379;-70.3615188599;Easy, Moderate;8.1 miles;Gray
Libby River Farm;43.5656471252;-70.3020553589;Easy, Moderate;1.3 miles;Scarborough
Lighthouse Trails;44.1353912354;-68.4490356445;Easy, Moderate;1.8 miles;Swans Island
Lily Bay State Park;45.5725364685;-69.55909729;Easy, Moderate;2.4 miles;Beaver Cove
Linekin Preserve and Burley Loop;43.8423233032;-69.5820236206;Moderate, Advanced;2.8 miles;Boothbay
Little Chebeague Island;43.7124710083;-70.1472702026;Easy;1.2 miles;Long Island
Little Concord Pond State Park;44.4323768616;-70.5339660645;Moderate, Advanced;5.0 miles;Peru, Woodstock
Little Kineo;45.7354698181;-69.6867752075;Moderate;2.0 miles;Kineo Twp
Little Moose Mountain;45.4548149109;-69.6748962402;Moderate, Advanced;8.9 miles;Moosehead Junction Twp
Little River Property;43.7124481201;-70.4291687012;Easy, Moderate;1.2 miles;Gorham
Little Tunk Pond Preserve;44.5580940247;-68.1063613892;Easy;1.6 miles;Sullivan
Lobster Cove Meadow and Appalachee Preserves;43.8579292297;-69.6119995117;Easy, Moderate;3.0 miles;Boothbay Harbor
Long Creek Trail;43.6354026794;-70.3070297241;Moderate;1.0 miles;South Portland
Long Reach Preserve;43.8167762756;-69.9274978638;Moderate;1.9 miles;Harpswell
Lowell Preserve;43.8031387329;-70.3546524048;Moderate, Advanced;8.0 miles;Windham
Lyseth School and Pine Grove Park;43.7052383423;-70.2825393677;Easy;1.2 miles;Portland
Macdonald Conservation Area & Readfield Town Farm Forest;44.367805481;-70.0099334717;Easy, Moderate;3.4 miles;Readfield, Wayne
Machias River Community Forest;44.7168426514;-67.4971923828;Moderate;5.0 miles;Machias, Whitneyville
Mackworth Island State Park Trail;43.6906890869;-70.2313308716;Easy;1.5 miles;Falmouth
Madelyn Marx Preserve;43.3488502502;-70.5087509155;Easy;0.8 miles;Kennebunk
Maggie's Nature Park;44.3839607239;-70.6877975464;Easy, Moderate;3.2 miles;Greenwood
Maine Hut Trail - Bigelow Section;45.1397285461;-70.1615905762;Advanced, Strenuous;12.0 miles;Carrabassett Valley, Carrying Place Town Twp, Dead River Twp
Maine Hut Trail - Dead River Section;45.2490310669;-70.2199325562;Advanced, Strenuous;13.2 miles;Carrying Place Town Twp, Lower Enchanted Twp, T3 R4 BKP WKR
Maine Hut Trail - Enchanted Section;45.334602356;-70.0838165283;Advanced, Strenuous;14.2 miles;Lower Enchanted Twp, West Forks Plt
Maine Hut Trail - Flagstaff Lake;45.1895294189;-70.1717376709;Easy;8.0 miles;Carrying Place Town Twp
Maine Hut Trail - Narrow Gauge to Poplar Stream;45.0910949707;-70.2014083862;Moderate;5.9 miles;Carrabassett Valley
Maine Hut Trail - Newton's Revenge;45.0935020447;-70.3023986816;Moderate;3.7 miles;Carrabassett Valley
Maine Island Trail: Casco Bay;43.7533988953;-70.0845184326;Strenuous;20.0 miles;Brunswick, Chebeague Island, Harpswell, Long Island, Portland
Maine Island Trail: Deer Isle;44.1915588379;-68.604850769;Advanced;13.0 miles;Brooklin, Stonington
Maine Island Trail: Muscongus Bay;43.9864654541;-69.4012069702;Advanced;12.0 miles;Bremen, Bristol, Lincoln County Island, Waldoboro
Manchester School;43.8334693909;-70.4346237183;Easy;0.6 miles;Windham
Manter Conservation Easement;44.8327293396;-68.7141647339;Easy;0.3 miles;Veazie
Marsh River Bog;44.0291633606;-69.5565643311;Easy;1.0 miles;Newcastle
Marsh River Preserve;44.0132446289;-69.6034851074;Easy, Moderate;0.9 miles;Newcastle
Marti Stevens Learning Center Trail;44.7547531128;-69.7358093262;Easy;0.5 miles;Skowhegan
Maryâ€™s Woods at Cutting Creek;43.8554725647;-69.8067245483;Easy;0.4 miles;Phippsburg
Mast Landing Audubon Sanctuary;43.8615646362;-70.081703186;Easy, Moderate;3.1 miles;Freeport
Mayberry Hill Preserve;44.0264930725;-70.506072998;Easy;1.0 miles;Casco
Mayo Regional Hospital's Community Walking Trail;45.1866149902;-69.2380142212;Easy;1.0 miles;Dover-Foxcroft
McPhetres Forest;44.8322486877;-68.716758728;Easy, Moderate;1.3 miles;Veazie
Memorial Park;43.5910797119;-70.3420791626;Easy;0.2 miles;Scarborough
Merritt Nature Trail;44.5271034241;-69.6600570679;Easy;0.9 miles;Waterville
Merrymeeting Fields Preserve;43.9972763062;-69.819694519;Easy, Moderate;1.0 miles;Woolwich
Messalonskee School Trails;44.555683136;-69.7131118774;Easy;1.1 miles;Oakland
Messalonskee Stream Trail;44.5576248169;-69.694770813;Moderate;2.6 miles;Oakland
Middle Goosefare Trails;43.521686554;-70.4301147461;Easy;0.5 miles;Saco
Middle River Park Trails;44.7221260071;-67.4568023682;Easy;1.2 miles;Machias
Mill Island Park;44.5926589966;-69.5927963257;Easy;0.5 miles;Fairfield
Mills Overlook;44.0585250854;-69.5288467407;Moderate;0.8 miles;
Mingo Springs Trail and Bird Walk;44.9622650146;-70.6979293823;Easy;2.0 miles;Rangeley
Minot Community Trails;44.1134910583;-70.3268127441;Easy, Moderate;1.8 miles;Minot
Monument Hill;44.3129310608;-70.1359024048;Moderate;1.0 miles;Leeds
Moose Point State Park;44.4304618835;-68.9441299438;Easy;1.5 miles;Searsport
Moosehorn National Wildlife Refuge - Baring;45.092628479;-67.2970809937;Easy, Moderate;62.0 miles;Baring Plt
Moosehorn National Wildlife Refuge - Edmunds;44.8497314453;-67.1983032227;Easy;19.8 miles;Edmunds Twp
Mount Abraham - Fire Warden Trail;44.9734153748;-70.2873153687;Advanced;9.1 miles;Mount Abram Twp
Mount Abram High School Trails;44.9057197571;-70.2712631226;Easy;1.9 miles;Salem Twp
Mount Agamenticus;43.2272529602;-70.6910476685;Easy, Moderate, Advanced;7.6 miles;York
Mount Apatite;44.0904998779;-70.2934570313;Easy, Moderate;7.6 miles;Auburn
Mount Blue State Park - Center Hill Nature Trail;44.7269248962;-70.4084854126;Easy;0.5 miles;Weld
Mount Blue State Park - Cross-country Ski Trails;44.7185745239;-70.407043457;Easy;11.0 miles;Weld
Mount Blue State Park - Mount Blue Trail;44.7277603149;-70.3513946533;Moderate;2.8 miles;Weld
Mount Blue State Park - Snowshoe Trails;44.7188339233;-70.4180221558;Easy;2.6 miles;Weld
Mount David;44.1072921753;-70.2077865601;Moderate;0.2 miles;Lewiston
Mount Kineo State Park;45.6960334778;-69.7431869507;Easy, Moderate;6.1 miles;Kineo Twp
Mount Phillip Trail;44.5829467773;-69.8820648193;Moderate;1.3 miles;Rome
Mount Will Trail;44.4817848206;-70.8011779785;Moderate;3.2 miles;Bethel, Newry
Mount Zircon Trail;44.4913253784;-70.5648040771;Advanced;5.4 miles;Milton Twp, Peru, Rumford
Mountain Pond;44.8969421387;-70.6266784668;Moderate;2.9 miles;Rangeley Plt, Sandy River Plt
Mousam River Wildlife Sanctuary;43.3790626526;-70.5362625122;Easy, Moderate;1.5 miles;Kennebunk
Mousam Way: North;43.4685401917;-70.7975616455;Moderate;4.0 miles;Sanford
Mousam Way: South;43.4374771118;-70.7638778687;Moderate;1.6 miles;Sanford
Mowry Beach;44.8542938232;-66.9856262207;Easy;0.8 miles;Lubec
Moxie Falls;45.3596763611;-69.940788269;Moderate;2.0 miles;Moxie Gore
Nahmakanta Public Reserved Land - Debsconeag Backcountry;45.7647895813;-69.1184616089;Advanced, Strenuous;12.0 miles;Rainbow Twp, T1 R11 WELS
Nahmakanta Public Reserved Land - Tumbledown Dick;45.7098083496;-69.0853881836;Advanced, Strenuous;5.4 miles;T1 R11 WELS
Nahmakanta Public Reserved Land - Turtle Ridge Loop Trail;45.6821899414;-69.1324539185;Advanced, Strenuous;9.6 miles;T1 R11 WELS
Narrow Gauge Pathway;45.0926208496;-70.2559432983;Easy;6.6 miles;Carrabassett Valley
Nation's Nature Trail;45.5137405396;-69.3589553833;Easy;1.3 miles;Bowdoin College Grant East Twp
New Meadows Trail;43.7929000854;-69.8705596924;Moderate;1.6 miles;Phippsburg
Newman Hill;44.903011322;-68.7171859741;Easy, Moderate;5.0 miles;Orono
Nina's Woods;44.674911499;-70.1257095337;Easy;0.4 miles;Farmington
Noble Hill Preserve;43.8751678467;-69.8001708984;Easy;0.7 miles;Phippsburg
Nordic Heritage Center - Single Track Network;46.7333602905;-67.9277038574;Easy, Moderate, Advanced;16.1 miles;Fort Fairfield, Presque Isle
Nordic Heritage Center - Ski Network;46.7318878174;-67.9273452759;Easy, Moderate, Advanced;11.4 miles;Fort Fairfield, Presque Isle
North Jay White Granite Park;44.539390564;-70.2240371704;Easy;1.3 miles;Jay
North Street Recreation Area Trail;44.5612258911;-69.645942688;Easy;0.6 miles;Waterville
Northeast Penjajawoc Preserve;44.855884552;-68.7497634888;Moderate;1.7 miles;Bangor
Northern Corea Heath Trail;44.4128112793;-67.9917831421;Moderate;1.0 miles;Gouldsboro
Northern Forest Canoe Trail: Section 10;45.6277923584;-70.1014251709;Strenuous;65.0 miles;Attean Twp, Bradstreet Twp, Brassua Twp, Hobbstown Twp, Jackman, Long Pond Twp, Rockwood Strip T1 R1 NBKP, Rockwood Strip T2 R1 NBKP, Sandwich Academy Grant Twp, T3 R4 BKP WKR, T3 R5 BKP WKR, T5 R7 BKP WKR, Taunton & Raynham Academy Grant, Tomhegan Twp
Northern Forest Canoe Trail: Section 11;45.8530426025;-69.6431427002;Strenuous;42.3 miles;Beaver Cove, Chesuncook Twp, Days Academy Grant Twp, East Middlesex Canal Grant Twp, Greenville, Kineo Twp, Lily Bay Twp, Little W Twp, Lobster Twp, Moosehead Junction Twp, Northeast Carry Twp, Piscataquis County Island, Rockwood Strip T1 R1 NBKP, Sandbar Tract Twp, Seboomook Twp, Spencer Bay Twp, T2 R12 WELS, T3 R12 WELS, T4 R12 WELS, T4 R13 WELS, T4 R14 WELS, T5 R14 WELS, T6 R13 WELS, T6 R14 WELS
Northern Forest Canoe Trail: Section 12;46.391078949;-69.3656921387;Strenuous;41.0 miles;Eagle Lake Twp, Soper Mountain Twp, T10 R12 WELS, T10 R13 WELS, T11 R13 WELS, T6 R12 WELS, T6 R13 WELS, T7 R12 WELS, T7 R13 WELS, T9 R12 WELS, T9 R13 WELS
Northern Forest Canoe Trail: Section 13;46.9488601685;-69.1264038086;Strenuous;79.7 miles;Allagash, Fort Kent, Saint Francis, Saint John Plt, T11 R13 WELS, T12 R13 WELS, T13 R12 WELS, T13 R13 WELS, T14 R12 WELS, T15 R10 WELS, T15 R11 WELS, T18 R10 WELS
Northern Forest Canoe Trail: Section 8;44.8449401855;-70.8603134155;Strenuous;37.0 miles;Adamstown Twp, Magalloway Plt, Rangeley, Richardsontown Twp, Township C, Upton
Northern Forest Canoe Trail: Section 9;45.1529502869;-70.4400100708;Strenuous;54.0 miles;Bigelow Twp, Carrying Place Town Twp, Coplin Plt, Dallas Plt, Dead River Twp, Eustis, Flagstaff Twp, Lang Twp, Rangeley, T3 R4 BKP WKR, T3 R5 BKP WKR
Northern Headwaters Trail Cluster;44.4715232849;-69.3164291382;Moderate, Advanced;6.7 miles;Montville
Northern Pond Natural Area;44.6441421509;-69.0303039551;Easy, Moderate;2.2 miles;Monroe
Notch Trail;44.5333976746;-71.0060577393;Advanced;4.4 miles;Riley Twp, Success (NH)
Ocean Avenue Recreation Area;43.6991119385;-70.2699432373;Easy, Moderate;2.5 miles;Falmouth, Portland
Old Narrow Gauge Rail Trail;44.236114502;-69.754196167;Easy;2.6 miles;Randolph
Old Pond Railway Trail;44.5237312317;-68.2763671875;Moderate;2.9 miles;Hancock
Orange River Water Trail;44.7797889709;-67.2063522339;Easy;5.9 miles;Whiting
Ordway Grove Trail;44.2151031494;-70.5490493774;Easy;0.6 miles;Norway
Orono Bog Boardwalk;44.8671379089;-68.7271499634;Easy;0.9 miles;Bangor, Orono
Orris Falls Conservation Area;43.2744827271;-70.7063293457;Moderate;1.5 miles;South Berwick, Wells
Osborn Finch Wildlife Sanctuary;44.0362243652;-69.3723068237;Easy;0.4 miles;Waldoboro
Otter Brook Sanctuary;43.8099327087;-70.4363861084;Moderate;0.8 miles;Windham
Ovens Mouth Preserve;43.9293479919;-69.6420288086;Easy, Moderate, Advanced;5.3 miles;Boothbay
Owls Head State Park;44.0912818909;-69.0456542969;Easy;0.4 miles;Owls Head
Oxbow Trail;44.546245575;-69.6411590576;Easy;0.7 miles;Waterville
Packard Trail;44.2605400085;-70.369972229;Moderate;1.8 miles;Buckfield
Palermo Preserve;44.3360786438;-69.4558563232;Easy, Moderate;1.0 miles;Palermo
Paper Mill Trail;44.0239715576;-70.0912246704;Easy;2.1 miles;Lisbon
Parker Pond Headland Preserve;44.4844093323;-70.0346603394;Moderate;2.6 miles;Fayette
Peaks-Kenny State Park;45.2612228394;-69.2875747681;Easy, Moderate;6.7 miles;Bowerbank, Dover-Foxcroft
Pearl Ponds Trail;45.5171775818;-69.3987731934;Easy;0.7 miles;Bowdoin College Grant West Twp
Penny Lake Preserve;43.8590545654;-69.6328125;Easy;1.0 miles;Boothbay Harbor
Perham Stream Birding Trail;44.9107891159;-70.3882522583;Easy;2.2 miles;Madrid Twp
Perkins Woods;44.3434448242;-70.0819091797;Easy;0.5 miles;Wayne
Peterson Field Sports Complex;43.5579147339;-70.3722686768;Easy;0.4 miles;Scarborough
Petit Manan Wildlife Refuge - Birch Point Trail;44.4471282959;-67.8998413086;Moderate;4.2 miles;Steuben
Petit Manan Wildlife Refuge - Hollingsworth Trail;44.4291648865;-67.8921356201;Moderate;1.5 miles;Steuben
Pettingill Park Trail;44.1096305847;-70.238494873;Moderate;0.5 miles;Auburn
Philbrick Trail;44.7674255371;-69.7062911987;Easy, Moderate;1.4 miles;Skowhegan
Pigeon Hill;44.4541740417;-67.8872680664;Moderate;1.6 miles;Steuben
Pike Lands;44.8992500305;-67.0515823364;Easy;1.5 miles;Lubec
Pineland Public Reserved Land;43.8945236206;-70.2665557861;Easy, Moderate;3.2 miles;Gray, New Gloucester, North Yarmouth
Piney Knoll Conservation Area;44.8945465088;-68.6490249634;Easy;4.4 miles;Orono
Pisgah Hill Summit Trail;43.917263918;-70.234475517;Moderate;1.2 miles;New Gloucester
Pleasant Mountain Trails;44.0275535583;-70.8205795288;Moderate, Advanced;10.5 miles;Bridgton, Denmark
Plummer Point Preserve;43.8957443237;-69.5648498535;Moderate;2.0 miles;South Bristol
Poland Spring Preservation Park;44.0323295593;-70.3607177734;Easy, Moderate;4.1 miles;Poland
Poland Town Forest and Bragdon Hill;44.0215911865;-70.4145507813;Easy, Moderate;6.5 miles;Poland
Pondicherry Park;44.0495567322;-70.7095718384;Moderate;2.3 miles;Bridgton
Popham Beach State Park;43.747215271;-69.7922210693;Easy;1.2 miles;Phippsburg
Porter Preserve;43.8777694702;-69.6830825806;Easy;1.1 miles;Boothbay
Potts Point Preserve;43.7309951782;-70.0252914429;Easy, Moderate;0.6 miles;Harpswell
Pownalborough Court House Trails;44.1038360596;-69.7625350952;Easy, Moderate;2.7 miles;Dresden
Pratt's Brook Park;43.8273086548;-70.1766815186;Easy, Moderate;6.5 miles;Yarmouth
Prentiss Woods;44.8308563232;-68.778793335;Easy;1.5 miles;Bangor
Presumpscot Falls Park and Walton Park;43.7178115845;-70.2665786743;Easy, Moderate;0.5 miles;Falmouth
Presumpscot Network and Riverton Trolley Park;43.6969490051;-70.3297195435;Moderate;7.0 miles;Portland, Westbrook
Presumpscot River Preserve and Oat Nuts Park;43.7231559753;-70.28125;Moderate;3.5 miles;Falmouth, Portland
Puzzle Mountain and Woodsum Spur;44.5382881165;-70.8076324463;Advanced;8.6 miles;Newry
Quarry Road Recreational Area;44.580581665;-69.6558609009;Easy, Moderate, Advanced;6.5 miles;Waterville
Quoddy Head State Park;44.8113059998;-66.9599914551;Easy, Moderate;5.5 miles;Lubec
Railroad Trail;44.0678901672;-70.3969955444;Easy;1.8 miles;Poland
Range Ponds State Park;44.0415306091;-70.3544845581;Moderate;2.0 miles;Poland
Range Ponds State Park - Mountain Bike Trails;44.0337677002;-70.3402099609;Moderate;4.1 miles;Poland
Rangeley Lake State Park;44.9315948486;-70.7125854492;Easy;1.6 miles;Rangeley Plt
Rangeley Lakes Trails Center;44.9624023438;-70.5450515747;Easy, Moderate, Advanced;25.0 miles;Dallas Plt
Ravine Trails;43.93359375;-69.9608078003;Easy;1.5 miles;Topsham
Raymond Elementary;43.9354629517;-70.4484405518;Easy;1.8 miles;Raymond
Readfield Fairgrounds;44.3918952942;-69.9637908936;Easy;1.1 miles;Readfield
Reid State Park;43.7899589539;-69.7297515869;Easy;3.5 miles;Georgetown
Reversing Falls;44.88514328;-67.1291809082;Easy;0.6 miles;Pembroke
Ridgewell Preserve;43.7652626038;-69.8267211914;Moderate;5.2 miles;Phippsburg
Rines Forest;43.7934494019;-70.2810058594;Moderate;2.5 miles;Cumberland
River Point Conservation Area Trails;43.7319068909;-70.2910766602;Easy;1.4 miles;Falmouth
Riverside and Viking Trails;44.2142677307;-70.5155715942;Easy;2.0 miles;Norway, Paris
Riverton Rail Trail;43.7001304626;-70.2994995117;Easy;1.5 miles;Portland
Robert R. Frazier Trail;43.6724777222;-70.4508590698;Easy;0.3 miles;Gorham
Roberts Farm Preserve;44.2082443237;-70.5634536743;Moderate;7.5 miles;Norway
Robinson Woods and Stonegate Trails;43.6160469055;-70.2228469849;Easy, Moderate;5.1 miles;Cape Elizabeth
Rock Pond Trail;44.935218811;-70.5376358032;Easy, Moderate;1.6 miles;Sandy River Plt
Roosevelt Campobello International Park - Eagle Hill Bog;44.8597793579;-66.9398193359;Easy;0.6 miles;Campobello Island (NB)
Roosevelt Campobello International Park - Main Network;44.8516807556;-66.9647979736;Easy, Moderate, Advanced;8.3 miles;Campobello Island (NB)
Roosevelt Campobello International Park - Visitor Centre to Friar's Head;44.8738861084;-66.9683914185;Easy;1.2 miles;Campobello Island (NB)
Roque Bluffs State Park;44.615978241;-67.4865875244;Easy, Moderate;3.1 miles;Roque Bluffs
Rotary Centennial Trail;44.5790557861;-69.6003265381;Easy;3.0 miles;Benton, Winslow
Round Mountain;44.3111877441;-70.7486877441;Moderate;1.8 miles;Albany Twp
Round Pond Mountain Trail;46.7722015381;-69.2492980957;Advanced, Strenuous;5.0 miles;T13 R12 WELS
Round Top;44.995552063;-70.7322463989;Easy;1.0 miles;Rangeley
Royal River Park & Beth Condon Pathway;43.8018493652;-70.1872329712;Easy;2.6 miles;Yarmouth
Royal River Water Trail: Sabbathday to the Sea;43.8607655168;-70.2289352845;Easy, Moderate, Advanced;44.6 miles;Auburn, Freeport, Gray, New Gloucester, North Yarmouth, Yarmouth
Rumford Falls Trail;44.5397720337;-70.5461730957;Moderate;1.6 miles;Rumford
Rumford Whitecap Mountain Preserve;44.5604400635;-70.6736221313;Advanced, Strenuous;4.5 miles;Rumford
Runaround Pond Recreation Area;43.9503555298;-70.1686706543;Moderate, Advanced;0.6 miles;Durham
Sabattus Mountain;44.1845092773;-70.8534088135;Moderate;1.4 miles;Lovell
Saco Heath;43.5463676453;-70.4745178223;Easy;2.1 miles;Saco
Salmon Brook Lake Bog Public Reserved Land;46.8924942017;-68.2468414307;Moderate;4.7 miles;Perham
Salmon Falls Reserve;43.409954071;-70.9848251343;Moderate;0.5 miles;Lebanon
Salt Marsh Trail;44.4845466614;-68.0103378296;Moderate;1.6 miles;Gouldsboro
Salt Pond Trail;44.4765129089;-68.229385376;Moderate;1.2 miles;Hancock
Saltmarsh Woods;44.042804718;-69.3987121582;Moderate;2.0 miles;Waldoboro
Sandy River and Rangeley Lakes Railroad;44.8279266357;-70.3450317383;Easy;0.8 miles;Phillips
Sanford High School and YMCA Trails;43.4520815442;-70.7827610649;Easy;4.8 miles;Sanford
Sanford Historic Walk;43.4387765256;-70.7815436961;Easy;1.8 miles;Sanford
Sanford-Springvale Rail Trail;43.4620437622;-70.8001403809;Easy;5.9 miles;Sanford
Saunders Preserve;43.9020690918;-69.5994644165;Moderate;1.0 miles;Boothbay
Savage Wildlife Preserve;43.183052063;-70.8185043335;Easy;0.9 miles;South Berwick
Sawyer Mountain Highlands;43.7495498657;-70.7504501343;Moderate, Advanced;5.5 miles;Limerick, Limington
Saxl Park;44.8162536621;-68.7450180054;Easy, Moderate;2.6 miles;Bangor
Scarborough Marsh Nature Trail;43.5641174316;-70.373085022;Easy, Moderate;0.3 miles;Scarborough
Scarborough River Wildlife Sanctuary;43.5560836792;-70.3582000732;Easy, Moderate;1.0 miles;Scarborough
School House Pond Preserve;43.907333374;-69.6720657349;Moderate;1.7 miles;Boothbay
Scraggly Lake Public Reserved Land - Owl's Head Trail;46.2312393188;-68.7412490845;Moderate;4.0 miles;T7 R8 WELS
Sea Road Preserve and Bridle Path;43.3744621277;-70.5295944214;Easy;0.5 miles;Kennebunk
Sears Island - Homestead Trail;44.4529342651;-68.8771057129;Easy;1.4 miles;Searsport
Sebago Elementary;43.8563537598;-70.6380004883;Easy;0.3 miles;Sebago
Sebago Lake State Park - Campground;43.9236907959;-70.5853271484;Easy, Moderate;5.8 miles;Naples
Sebago Lake State Park - Day Use Area;43.9229927063;-70.5698013306;Easy, Moderate;4.5 miles;Casco
Sebago to the Sea Trail: Presumpscot River Paddling Route;43.7062072754;-70.3963699341;Easy;4.8 miles;Gorham, Westbrook, Windham
Sewell Woods;43.5747489929;-70.4217300415;Easy, Moderate;0.8 miles;Scarborough
Shackford Head State Park;44.9021453857;-67.0171661377;Easy, Moderate, Advanced;3.2 miles;Eastport
Shepard's Farm Family Preserve;44.2220916748;-70.5636138916;Easy, Moderate;1.6 miles;Norway
Sherwood Forest Conservation Area;44.0742073059;-70.2317886353;Easy, Moderate;2.4 miles;Auburn
Sherwood Forest Park Trail;44.7713623047;-68.7630233765;Easy;0.5 miles;Brewer
Singing Meadows Preserve;43.9824790955;-69.6483688354;Easy;0.6 miles;Edgecomb
Sipayik Trail;44.9662399292;-67.0581893921;Easy;1.8 miles;Pleasant Point
Sklar Park;44.8776321411;-68.6907806396;Easy, Moderate;1.5 miles;Orono
Skolfield Shores Preserve;43.8564338684;-69.950088501;Moderate;1.1 miles;Harpswell
Skowhegan Bog Trail;44.7468719482;-69.7268600464;Easy;0.9 miles;Skowhegan
Skowhegan Riverwalk;44.7677650452;-69.7119445801;Easy;0.5 miles;Skowhegan
Small-Burnham Conservation Area;44.1563148499;-69.9231719971;Easy;2.4 miles;Litchfield
Smithfield Plantation;44.1598358154;-69.9628982544;Easy;1.6 miles;Litchfield
Snowy Mountain Trails;47.0417480469;-68.1301574707;Easy, Moderate;2.0 miles;Stockholm
Sortwell Memorial Forest;44.0190963745;-69.6759643555;Easy;3.9 miles;Wiscasset
South Bog Conservation Area;44.9177894592;-70.7231063843;Easy, Moderate;3.1 miles;Rangeley Plt
South Branch Trail;43.6315689087;-70.329208374;Easy;0.5 miles;South Portland
Southern Corea Heath Trail;44.4056968689;-67.9819488525;Easy;0.4 miles;Gouldsboro
Speck Pond Trail;44.5591545105;-70.998916626;Advanced;7.2 miles;Grafton Twp
Spencer Pond;44.8188781738;-70.6972732544;Easy;1.1 miles;Township D
Spirit Pond and McDonald Sanctuary Preserve;43.7522239685;-69.8098907471;Easy;3.5 miles;Phippsburg
Split Cedar Trails;47.1300430298;-67.995223999;Easy, Moderate, Advanced;11.3 miles;Van Buren
Sprague Pond Trail;43.7925071716;-69.8337249756;Moderate;5.5 miles;Phippsburg
Spring Point Shoreway;43.6487922668;-70.2257080078;Easy;1.0 miles;South Portland
Spring Road Trail;44.1589431763;-70.2711029053;Easy;2.1 miles;Auburn
Springbrook Park;43.5947418213;-70.4219360352;Easy;0.2 miles;Scarborough
Springvale Historic Walk;43.4667705433;-70.7976355192;Easy;1.0 miles;Sanford
St. Pierre Property;43.7147445679;-70.4133682251;Easy;0.4 miles;Gorham
Step Falls Trail;44.5745735168;-70.8677978516;Easy, Moderate;1.0 miles;Newry
Stetser Preserve Trail;44.1335716248;-69.573677063;Easy, Moderate;1.0 miles;Jefferson
Stratton Island;43.8941116333;-69.5740661621;Easy, Moderate;1.0 miles;South Bristol
Streaked Mountain Trail;44.2474555969;-70.4261474609;Moderate, Advanced;1.2 miles;Buckfield, Hebron, Paris
Stroudwater Trail;43.6550445557;-70.3290786743;Moderate;2.2 miles;Portland
Sucker Brook Outlet Reserve;44.1804542542;-70.9357528687;Moderate;2.4 miles;Lovell
Summer Street Park;43.9964904785;-70.0479736328;Moderate;1.3 miles;Lisbon
Sunkhaze Meadows NWR - Ash Landing Trail;45.0103416443;-68.5280838013;Easy;0.3 miles;Milford
Sunkhaze Meadows NWR - Carter Meadow Road;44.9694900513;-68.5503005981;Moderate, Advanced;2.5 miles;Milford
Sunkhaze Meadows NWR - Johnson Brook Trail;44.9824714661;-68.5244445801;Moderate, Advanced;3.5 miles;Milford
Sunkhaze Meadows NWR - Oak Point Trail;44.9793891907;-68.5425796509;Moderate, Advanced;2.9 miles;Milford
Swan Island;44.0710945129;-69.7958755493;Easy, Moderate, Advanced;8.3 miles;Perkins Twp Swan Island
Swift River Walking Trail;44.5582923889;-70.5495986938;Easy;0.5 miles;Rumford
Sylvan Trail;43.556602478;-70.4178924561;Easy, Moderate;1.7 miles;Saco
Tatnic Hills Preserve;43.2917137146;-70.6823196411;Easy, Moderate;2.0 miles;Wells
Ted Wells Memorial Trail;43.4990119934;-70.3919525146;Easy, Moderate;0.5 miles;Old Orchard Beach
The Mountain Trail;44.5474090576;-69.8903808594;Moderate;1.5 miles;Rome
The Secret Garden;43.3688278198;-70.5079269409;Easy, Moderate;1.5 miles;Kennebunk
Third Mountain Trail;45.4375038147;-69.3023300171;Moderate;2.8 miles;T7 R9 NWP
Thomas College Trail;44.5242652893;-69.6602935791;Easy;0.6 miles;Waterville
Thoreau-Wabanaki Trail: East Branch of the Penobscot River;45.9932060242;-68.7010192871;Advanced;26.7 miles;T3 R7 WELS, T4 R7 WELS, T4 R8 WELS, T5 R8 WELS, T6 R8 WELS
Thorncrag Nature Sanctuary;44.1127586365;-70.175567627;Moderate;4.4 miles;Lewiston
Thorne Head Preserve;43.9471817017;-69.8201980591;Easy, Moderate;3.5 miles;Bath
Thurston Park;44.4557495117;-69.4562683105;Easy;5.2 miles;China
Tibbett Island;44.4956054688;-67.7113494873;Moderate;1.0 miles;Addison
Titcomb Mountain Cross-Country Ski Trails;44.6450614929;-70.1686935425;Easy, Moderate, Advanced;10.0 miles;Farmington
Torsey Pond Nature Preserve and Echo Lake Watershed Preserve;44.4142036438;-69.996635437;Easy;1.8 miles;Readfield
Tracy Shore and Library Park;43.8737945557;-69.5604934692;Moderate, Advanced;2.0 miles;South Bristol
Trafton Lake;46.8920288086;-67.8424835205;Easy, Moderate;4.5 miles;Limestone
Tramway;46.319480896;-69.3764877319;Easy;0.6 miles;Eagle Lake Twp
Transfer Station Trails;43.9368629456;-69.9229049683;Easy;3.9 miles;Topsham
Treat Island;44.8782577515;-66.9885025024;Easy;1.0 miles;Eastport
Tree of Life Trail;44.6255722046;-70.1648406982;Easy;0.9 miles;Farmington
Troll Valley Campground Trails;44.6372528076;-70.1734848022;Easy, Moderate;3.2 miles;Farmington
Trout Brook Nature Area;43.6294593811;-70.2456970215;Easy, Moderate;0.2 miles;South Portland
Trout Brook Preserve Trails;44.1033592224;-69.6229705811;Easy, Moderate;1.6 miles;Alna
Trout Pond Loop;45.4741439819;-69.3883972168;Moderate;7.9 miles;Bowdoin College Grant West Twp
Tucker Mountain Trail;44.5165290833;-68.1833114624;Moderate;2.0 miles;Sullivan
Tumbledown Mountain and Little Jackson;44.7397613525;-70.5396194458;Moderate, Advanced;10.6 miles;Township 6 North of Weld
Tunk Mountain;44.6332550049;-68.0882873535;Moderate, Advanced;4.4 miles;T10 SD
Two Lights State Park;43.560798645;-70.2051010132;Easy;1.9 miles;Cape Elizabeth
Tyler Brook Preserve;43.3868865967;-70.4495697021;Easy, Moderate;1.3 miles;Kennebunkport
Tyler Conservation Area;44.4031600952;-69.9763793945;Easy;0.9 miles;Readfield
Umbagog National Wildlife Refuge Water Routes;44.7768173218;-71.0371932983;Moderate;16.7 miles;Cambridge (NH), Errol (NH), Magalloway Plt, Upton
Union Street Greenway;44.1032676697;-70.2323608398;Easy;0.6 miles;Auburn
Unity College Forest Trails;44.5985984802;-69.3340530396;Easy;3.0 miles;Unity
University Bike Paths;44.9118041992;-68.6706695557;Easy;3.1 miles;Old Town, Orono
University of Maine Augusta Fitness Trails;44.3377342224;-69.7975387573;Easy, Moderate;2.2 miles;Augusta
Vassalboro Community School;44.4378738403;-69.6542816162;Easy;0.3 miles;Vassalboro
Vassalboro Wildlife Habitat;44.4074478149;-69.6678314209;Easy;0.9 miles;Vassalboro
Vaughan Woods Memorial State Park;43.2069778442;-70.8143692017;Easy, Moderate;3.7 miles;South Berwick
Viles Arboretum;44.2980003357;-69.7599563599;Easy;5.0 miles;Augusta
Wabassus Mountain Trail;45.1310806274;-67.8523178101;Moderate;2.3 miles;T43 MD BPP
Wainwright Athletic Fields Complex;43.6137771606;-70.2928619385;Easy;1.4 miles;South Portland
Walden Parke - Blue Trail;44.8667449951;-68.7534484863;Easy;2.5 miles;Bangor
Walpole Woods;43.9598045349;-69.5546340942;Easy;1.0 miles;South Bristol
Warren Island State Park;44.2728805542;-68.9457626343;Easy, Moderate;1.5 miles;Lincolnville
Washburn-Norlands Living History Center;44.410282135;-70.2133331299;Easy, Moderate;0.7 miles;Livermore
Waterboro Barrens Preserve;43.6129875183;-70.8014907837;Easy, Moderate;5.5 miles;Shapleigh, Waterboro
Weber Kelly Preserve;43.7769088745;-69.7621154785;Easy, Moderate;1.2 miles;Georgetown
Wells Barrens Preserve;43.3809623718;-70.6436309814;Easy;3.7 miles;Wells
Wells Reserve at Laudholm;43.3373222351;-70.5516586304;Easy, Moderate;7.0 miles;Wells
West Branch, Big Game, and Mountain Trail Network;44.2376594543;-69.459022522;Moderate, Advanced;7.5 miles;Jefferson, Somerville
West Kennebago Mountain Trail;45.1132698059;-70.8036727905;Advanced;3.7 miles;Stetsontown Twp, Upper Cupsuptic Twp
West Side Trail;43.7797164917;-70.1602859497;Moderate;6.0 miles;Yarmouth
Westbrook River Walk;43.6793212891;-70.3582611084;Easy;1.2 miles;Westbrook
Whaleback Shell Midden State Historic Site;44.041809082;-69.5120697021;Easy;0.5 miles;Damariscotta
Whiskeag Trail;43.9333152771;-69.8270187378;Easy;5.0 miles;Bath
Whistle Stop Trail;44.5974617004;-70.2056884766;Easy;14.0 miles;Farmington, Jay, Wilton
White Mountain National Forest - Albany Mountain Trail;44.3113708496;-70.8349990845;Moderate;1.9 miles;Albany Twp, Mason Twp, Stoneham
White Mountain National Forest - Caribou Mountain;44.34400177;-70.9428482056;Moderate, Advanced;8.8 miles;Batchelders Grant Twp, Mason Twp
White Mountain National Forest - Deer Hill Network;44.235370636;-70.9987945557;Advanced;4.0 miles;Chatham (NH), Stow
White Mountain National Forest - East Royce Network;44.2894439697;-71.0049972534;Moderate, Advanced;5.7 miles;Batchelders Grant Twp
White Mountain National Forest - Lord Hill Network;44.2230415344;-70.9593505859;Moderate;7.0 miles;Lovell, Stoneham, Stow
White Mountain National Forest - Moose Nature Trail;44.4105987549;-70.7965621948;Easy;0.2 miles;Bethel
White Mountain National Forest - Speckled Mountain;44.2783737183;-70.9814682007;Moderate, Advanced;8.2 miles;Stoneham, Stow
White Mountain National Forest - The Roost;44.3561096191;-70.9814376831;Moderate, Advanced;1.8 miles;Batchelders Grant Twp
Whitefield Salmon Preserve;44.2435722351;-69.5722579956;Easy, Moderate;1.2 miles;Whitefield
Whitney Brook Trail;44.4467887878;-70.3092269897;Easy;1.7 miles;Canton
Wilbur Preserve at Cox's Head;43.7665252686;-69.7878646851;Easy;0.6 miles;Phippsburg
Wildlands - Dead River Parcel;44.599029541;-68.6818084717;Easy, Moderate, Advanced;4.8 miles;Orland
Wildlands - Hothole Valley;44.5998306274;-68.6358642578;Easy, Moderate, Advanced;19.4 miles;Orland
Wilhelm Reich Museum Trails;44.9832267761;-70.7180252075;Easy;3.3 miles;Rangeley
Wilson's Cove Trail;43.8135299683;-69.9766540527;Easy, Moderate;0.6 miles;Harpswell
Windham High School;43.7904014587;-70.4183273315;Easy, Moderate;1.1 miles;Windham
Winnick Woods Loop;43.606678009;-70.2611694336;Moderate;1.7 miles;Cape Elizabeth
Winslow Community Trails;44.5527267456;-69.6165771484;Easy;1.6 miles;Winslow
Witherle Woods Preserve;44.3899078369;-68.814125061;Moderate;3.7 miles;Castine
Witt Swamp Trail;44.2273597717;-70.5559539795;Easy;0.7 miles;Norway
Wolfe's Neck Woods State Park;43.8213996887;-70.0872955322;Easy, Moderate;4.4 miles;Freeport
Wonder Brook Preserve;43.3871002197;-70.5208892822;Moderate;2.5 miles;Kennebunk
Woodbury Nature Conservancy;44.202545166;-69.966468811;Easy, Moderate;4.1 miles;Litchfield, Monmouth
Wright Trail;44.5132484436;-70.9662780762;Advanced;9.6 miles;Riley Twp
Yankee Woodlot;44.7626495361;-69.7403411865;Easy, Moderate;1.1 miles;Skowhegan
Zak Preserve;43.9328956604;-69.6138000488;Moderate;2.2 miles;Boothbay
